video_id,title,description,tags,definition,channel_name,category_id,views,likes,comments,thumbnail_url,publish_day_name,publish_time,duration_sec,is_short
lh3xQCsnwsI,The Game You Can't Escape #eldenring #shorts,#EldenRing #TheEldenTips #FromSoftware  #shorts,"Elden Ring, gameplay, tips, boss fights, secrets, lore, highlights, guide, walkthrough, FromSoftware, Souls",hd,TheEldenTips,20,15699,971,23,https://i.ytimg.com/vi/lh3xQCsnwsI/hqdefault.jpg,Monday,19:57,36,True
U4qgbfFixgI,Elden Ring: MUST DO Before NG+! #tips,#EldenRing #TheEldenTips #FromSoftware  #tips,"Elden Ring, gameplay, tips, boss fights, secrets, lore, highlights, guide, walkthrough, FromSoftware, Souls",hd,TheEldenTips,20,24617,833,16,https://i.ytimg.com/vi/U4qgbfFixgI/hqdefault.jpg,Saturday,17:48,61,False
dOlk84ese6o,Pov: You are a mage on Elden Ring  #eldenring  #mage,#EldenRing #TheEldenTips #FromSoftware  #shorts,"Elden Ring, gameplay, tips, boss fights, secrets, lore, highlights, guide, walkthrough, FromSoftware, Souls",hd,TheEldenTips,20,3874,36,0,https://i.ytimg.com/vi/dOlk84ese6o/hqdefault.jpg,Friday,23:48,17,True
BqFf-H5LCms,The boss that ruins your week - The Fallen Consort – Radahn - #eldenring #fromsoftware,"Once a noble warrior, now a tragic shadow of the battlefield.

#EldenRing #TheEldenTips #FromSoftware #shorts","Elden Ring, gameplay, tips, boss fights, secrets, lore, highlights, guide, walkthrough, FromSoftware, Souls",hd,TheEldenTips,20,37172,1206,81,https://i.ytimg.com/vi/BqFf-H5LCms/hqdefault.jpg,Thursday,22:00,13,True
wePkm6Ojxg8,The Last Flame – Fire Giant Cinematic -- #eldenring #fromsoftware,"Guardian of the Lands Between, alone against eternity.
#EldenRing #TheEldenTips #FromSoftware #shorts","Elden Ring, gameplay, tips, boss fights, secrets, lore, highlights, guide, walkthrough, FromSoftware, Souls",hd,TheEldenTips,20,37349,664,17,https://i.ytimg.com/vi/wePkm6Ojxg8/hqdefault.jpg,Thursday,18:00,13,True
FzbpazK4dJY,The God Eater – Rykard Cinematic -- #eldenring #fromsoftware,"He devoured gods… and became less than a man.
#EldenRing #TheEldenTips #FromSoftware #shorts","Elden Ring, gameplay, tips, boss fights, secrets, lore, highlights, guide, walkthrough, FromSoftware, Souls",hd,TheEldenTips,20,26951,237,4,https://i.ytimg.com/vi/FzbpazK4dJY/hqdefault.jpg,Wednesday,16:00,13,True
viZu6JyZUTk,The Red Dynasty – Mohg – #eldenring #fromsoftware,"Love twisted into obsession. A dynasty born in blood.
#EldenRing #TheEldenTips #FromSoftware #shorts","Elden Ring, gameplay, tips, boss fights, secrets, lore, highlights, guide, walkthrough, FromSoftware, Souls",hd,TheEldenTips,20,18583,431,12,https://i.ytimg.com/vi/viZu6JyZUTk/hqdefault.jpg,Tuesday,16:01,12,True
CC0uALS3auo,Dragonlord of the Forgotten Storm – Placidusax - #eldenring #fromsoftware,"A dragonlord abandoned by time itself. Waiting in the storm… for a Tarnished who will never stay.
#EldenRing #TheEldenTips #FromSoftware #shorts","Elden Ring, gameplay, tips, boss fights, secrets, lore, highlights, guide, walkthrough, FromSoftware, Souls",hd,TheEldenTips,20,26940,510,9,https://i.ytimg.com/vi/CC0uALS3auo/hqdefault.jpg,Monday,16:00,11,True
oUTY8Tk7z_U,The First Elden Lord Returns – Godfrey - #eldenring #fromsoftware,"The First Elden Lord… and the primal warrior within.
Strength reclaimed, glory reborn.

#EldenRing #TheEldenTips #FromSoftware #shorts","Elden Ring, gameplay, tips, boss fights, secrets, lore, highlights, guide, walkthrough, FromSoftware, Souls",hd,TheEldenTips,20,36166,642,15,https://i.ytimg.com/vi/oUTY8Tk7z_U/hqdefault.jpg,Sunday,15:26,10,True
YbjC3oc-aDA,Every Elden Ring Pro Uses These Websites #eldenring,"💀 Perfect for both new Tarnished and veteran Souls players  
⚔️ Compatible with all versions, including Shadow of the Erdtree  
📌 Full list of websites in the pinned comment  

If this helped, drop a like.

#EldenRing #TheEldenTips #FromSoftware #gamingtools #soulsborne #shadowoftheerdtree #eldenringbuilds #gamingtips #shorts","Elden Ring, gameplay, tips, boss fights, secrets, lore, highlights, guide, walkthrough, FromSoftware, Souls",hd,TheEldenTips,20,7875,367,10,https://i.ytimg.com/vi/YbjC3oc-aDA/hqdefault.jpg,Wednesday,17:57,34,True
HmecQmiJxoo,The last light before the void | #eldenring #fromsoftware,"Truth. Beauty. An ending written in light… and silence.
Elden Beast awaits the Tarnished who dare to understand.

#EldenRing #TheEldenTips #FromSoftware #shorts","Elden Ring, gameplay, tips, boss fights, secrets, lore, highlights, guide, walkthrough, FromSoftware, Souls",hd,TheEldenTips,20,38677,655,7,https://i.ytimg.com/vi/HmecQmiJxoo/hqdefault.jpg,Tuesday,18:02,8,True
qjnSb2PVHj4,"The First Hunter... and the Last Gate - Gehrman, the First Hunter - #bloodborne #fromsoftware","He is your teacher… and his freedom depends on your blade.
The dream must end. One way or another
#EldenRing #TheEldenTips #FromSoftware #bloodborne #shorts","Elden Ring, gameplay, tips, boss fights, secrets, lore, highlights, guide, walkthrough, FromSoftware, Souls",hd,TheEldenTips,20,36456,672,7,https://i.ytimg.com/vi/qjnSb2PVHj4/hqdefault.jpg,Friday,19:00,9,True
ohheygs7JUE,Born Screaming into a Dying World - Orphan of Ko - #bloodborne #fromsoftware,"When the boss is grief made flesh.
A nightmare child that never had a choice
#EldenRing #TheEldenTips #FromSoftware  #shorts #bloodborne","Elden Ring, gameplay, tips, boss fights, secrets, lore, highlights, guide, walkthrough, FromSoftware, Souls",hd,TheEldenTips,20,35335,1020,20,https://i.ytimg.com/vi/ohheygs7JUE/hqdefault.jpg,Thursday,19:00,9,True
1YVmGKyT1d0,Choose Wisely - Drop your pick -  #eldenring #fromsoftware,"You can only choose one weapon.

Cross Naginata
Nightrider Glaive 
Dragon Halberd
Ordovis greatsword

💬 Which one are you picking? Let me know below!

🔥 More polls & rankings coming soon – like & subscribe.

#eldenring  #eldenring #TheEldenTips #FromSoftware  #shorts","Elden Ring, gameplay, tips, boss fights, secrets, lore, highlights, guide, walkthrough, FromSoftware, Souls",hd,TheEldenTips,20,18736,366,55,https://i.ytimg.com/vi/1YVmGKyT1d0/hqdefault.jpg,Thursday,14:45,9,True
cvhGdsva2mU,👑Cursed Royalty - Who reigns supreme? - #soulsborne #fromsoftware,"From cursed thrones to shattered crowns, these royals bear heavy fates. Only one commands the true aura of power and tragedy. 

#EldenRing #TheEldenTips #FromSoftware #shorts","Elden Ring, gameplay, tips, boss fights, secrets, lore, highlights, guide, walkthrough, FromSoftware, Souls",hd,TheEldenTips,20,53400,961,87,https://i.ytimg.com/vi/cvhGdsva2mU/hqdefault.jpg,Thursday,03:00,9,True
vSIHNG1Whsk,The Beast Who Held Death Back - Maliketh the Black Blade - #eldenring #fromsoftware,"This boss is a god’s most faithful weapon.
Not rage — just duty, and a war he never asked for

#EldenRing #TheEldenTips #FromSoftware  #shorts","Elden Ring, gameplay, tips, boss fights, secrets, lore, highlights, guide, walkthrough, FromSoftware, Souls",hd,TheEldenTips,20,63655,1645,31,https://i.ytimg.com/vi/vSIHNG1Whsk/hqdefault.jpg,Wednesday,19:01,11,True
gBy6lLskZik,🛡️Loyal Protectors -  Who’s your pick? - #fromsoftware #soulsborne,"Loyalty fuels their tragic battles. These protectors fight for others, not themselves.

#EldenRing #TheEldenTips #FromSoftware #shorts","Elden Ring, gameplay, tips, boss fights, secrets, lore, highlights, guide, walkthrough, FromSoftware, Souls",hd,TheEldenTips,20,43594,951,71,https://i.ytimg.com/vi/gBy6lLskZik/hqdefault.jpg,Wednesday,03:00,9,True
v6vrZgdngQU,She Was Never Defeated… Until You Came - Malenia Blade of Miquella - #eldenring #fromsoftware,"When the boss is grace, strength… and endless rot.
A blade forged for war, but broken by love.

#EldenRing #TheEldenTips #FromSoftware #shorts","Elden Ring, gameplay, tips, boss fights, secrets, lore, highlights, guide, walkthrough, FromSoftware, Souls",hd,TheEldenTips,20,42884,871,26,https://i.ytimg.com/vi/v6vrZgdngQU/hqdefault.jpg,Tuesday,19:00,8,True
nudSBIc4Qyk,TOP 8 Elden Ring hardest Bosses - Non official stats - #eldenring #fromsoftware,"DYING to know which Elden Ring bosses slaughter players the MOST? In this video, we reveal the TOP 8 hardest MAIN bosses ranked by average deaths per player

Backed by official Bandai Namco data & community stats:

Reddit & Steam community polls
Speedrun death analytics

👉Like & Subscribe if you suffered against these bosses!

#EldenRing #TheEldenTips #FromSoftware  #shorts #hardestbosses","Elden Ring, gameplay, tips, boss fights, secrets, lore, highlights, guide, walkthrough, FromSoftware, Souls",hd,TheEldenTips,20,33329,634,46,https://i.ytimg.com/vi/nudSBIc4Qyk/hqdefault.jpg,Tuesday,10:58,19,True
cdwz_8Rm7zg,🩸Broken Legends - Who’s your pick? - #soulsborne #fromsoftware,"These warriors were heroes once, now broken by fate and time. Only one stands out with a presence that can’t be matched. 

#EldenRing #TheEldenTips #FromSoftware #shorts","Elden Ring, gameplay, tips, boss fights, secrets, lore, highlights, guide, walkthrough, FromSoftware, Souls",hd,TheEldenTips,20,38611,928,90,https://i.ytimg.com/vi/cdwz_8Rm7zg/hqdefault.jpg,Tuesday,03:00,9,True
iO2V5cLiC2U,The Last Knight in the End of the World - Slave Knight Gael - #darksouls #fromsoftware,"When the boss is the last man standing in a world long gone.
Not a villain. Just a warrior who carried the burden too far.

#EldenRing #TheEldenTips #FromSoftware #shorts #darksouls","Elden Ring, gameplay, tips, boss fights, secrets, lore, highlights, guide, walkthrough, FromSoftware, Souls",hd,TheEldenTips,20,96552,2081,31,https://i.ytimg.com/vi/iO2V5cLiC2U/hqdefault.jpg,Monday,19:00,8,True
ubEFvAqowVc,Which Dark Souls III Boss Would You Fight Again? #darksouls3 #fromsoftware,"You can only refight ONE of these legendary bosses. Who’s your pick: Gael, Friede, Soul of Cinder, or Nameless King?

#EldenRing #TheEldenTips #FromSoftware #shorts","Elden Ring, gameplay, tips, boss fights, secrets, lore, highlights, guide, walkthrough, FromSoftware, Souls",hd,TheEldenTips,20,33924,748,111,https://i.ytimg.com/vi/ubEFvAqowVc/hqdefault.jpg,Monday,15:01,9,True
R2X8qbCnMI4,He Was Just a Jar With a Dream 💔🫙#eldenring #alexander,"He wasn’t just a jar.
He was a warrior... and a friend.
👇 Rest easy, Iron Fist Alexander.

#EldenRing #TheEldenTips #FromSoftware #shorts","Elden Ring, gameplay, tips, boss fights, secrets, lore, highlights, guide, walkthrough, FromSoftware, Souls",hd,TheEldenTips,20,25988,468,9,https://i.ytimg.com/vi/R2X8qbCnMI4/hqdefault.jpg,Monday,03:00,8,True
1U9xPFWMx3g,6 DLC Final Bosses - Only One has real Aura 🔥 - Easy one - #eldenring #aura,"These DLC bosses didn’t just challenge us — they defined us.
But only ONE radiates true final boss AURA.

👇 Drop your pick in the comments.

#EldenRing #TheEldenTips #FromSoftware #shorts","Elden Ring, gameplay, tips, boss fights, secrets, lore, highlights, guide, walkthrough, FromSoftware, Souls",hd,TheEldenTips,20,191500,2473,302,https://i.ytimg.com/vi/1U9xPFWMx3g/hqdefault.jpg,Sunday,19:00,7,True
44Gwhq1Ceqw,8 Most Used Weapons in Elden Ring 🔥- Drop your favourite #eldenring  #fromsoftware,"These are the 8 weapons every Tarnished uses. Did your favorite make the list?

#EldenRing #TheEldenTips #FromSoftware #shorts","Elden Ring, gameplay, tips, boss fights, secrets, lore, highlights, guide, walkthrough, FromSoftware, Souls",hd,TheEldenTips,20,73647,2121,79,https://i.ytimg.com/vi/44Gwhq1Ceqw/hqdefault.jpg,Sunday,14:45,19,True
YsIfGyHK5GY,TheEldenTips Live Stream,#EldenRing #TheEldenTips #FromSoftware  #shorts,"Elden Ring, gameplay, tips, boss fights, secrets, lore, highlights, guide, walkthrough, FromSoftware, Souls",sd,TheEldenTips,20,0,0,0,https://i.ytimg.com/vi/YsIfGyHK5GY/hqdefault_live.jpg,Sunday,13:22,0,True
eCjYaqwLvlI,A Master Meets His Monster -  Isshin Ashina #sekiro #fromsoftware,"When the greatest swordsman confronts what you’ve become.

Subscribe for more
#EldenRing #TheEldenTips #FromSoftware #shorts","Elden Ring, gameplay, tips, boss fights, secrets, lore, highlights, guide, walkthrough, FromSoftware, Souls",hd,TheEldenTips,20,45026,830,15,https://i.ytimg.com/vi/eCjYaqwLvlI/hqdefault.jpg,Sunday,03:15,8,True
sI09jl2MvOE,"Consumed, But Never Defeated - Artorias the Abbyswalker  - #darksouls #fromsoftware #boss","He fought the Abyss alone… so others wouldn’t have to.

Subscribe for more
#EldenRing #TheEldenTips #FromSoftware #shorts","Elden Ring, gameplay, tips, boss fights, secrets, lore, highlights, guide, walkthrough, FromSoftware, Souls",hd,TheEldenTips,20,207134,4213,61,https://i.ytimg.com/vi/sI09jl2MvOE/hqdefault.jpg,Saturday,19:15,10,True
bhS15ECubfQ,"""The Man and His Tiny Horse"" - Radahn The Starscourge - #eldenring #fromsoftware","The general who held back the stars… just to keep riding with his horse.

Subscribe for more!

#EldenRing #TheEldenTips #FromSoftware #shorts","Elden Ring, gameplay, tips, boss fights, secrets, lore, highlights, guide, walkthrough, FromSoftware, Souls",hd,TheEldenTips,20,7095158,118435,625,https://i.ytimg.com/vi/bhS15ECubfQ/hqdefault.jpg,Saturday,14:45,7,True
Q08PnJsa8Tk,Which FromSoft masterpiece deserves the crown?? Drop your favorite 🔥,"These are the top 5 highest-grossing FromSoftware games of all time

From Elden Ring to Dark Souls, we break down the studio's biggest commercial hits. Which one is YOUR favorite? Drop it in the comments!

🎮 Featuring: Elden Ring, Dark Souls, Sekiro, Bloodborne, and more.
🔔 Follow for more

#eldenring  #TheEldenTips #FromSoftware  #shorts","Elden Ring, gameplay, tips, boss fights, secrets, lore, highlights, guide, walkthrough, FromSoftware, Souls",hd,TheEldenTips,20,49348,800,52,https://i.ytimg.com/vi/Q08PnJsa8Tk/hqdefault.jpg,Saturday,03:00,14,True
IE7FAtv1uy0,You can only revive one quest. Which one would it be?  #eldenring #fromsoftware,"From Ranni to Millicent, Elden Ring quests are beauty, tragedy, and chaos
.
👇 Which one left the biggest mark on you?

#EldenRing #TheEldenTips #FromSoftware #shorts","Elden Ring, gameplay, tips, boss fights, secrets, lore, highlights, guide, walkthrough, FromSoftware, Souls",hd,TheEldenTips,20,42491,475,101,https://i.ytimg.com/vi/IE7FAtv1uy0/hqdefault.jpg,Friday,19:15,9,True
07O3gRK4oGs,Every Elden Ring Ending Has a Price,"Elden Ring offers six endings — each a reflection of who you are. Order, chaos, death, stars... Which one would you choose? Comment your fate below.

#GamingShorts #FromSoftware #TheEldenTips #FromSoftware  #shorts","Elden Ring, gameplay, tips, boss fights, secrets, lore, highlights, guide, walkthrough, FromSoftware, Souls",hd,TheEldenTips,20,26526,735,97,https://i.ytimg.com/vi/07O3gRK4oGs/hqdefault.jpg,Friday,15:15,9,True
qKYDU1OzClE,Top Elden Ring Warriors You’d Want as a Mentor  #eldenring,"Elden Ring is filled with iconic fighters. If you could train under one, who would it be? Malenia? Blaidd? Radahn? Drop your answer in the comments! 

#EldenRing #TheEldenTips #FromSoftware  #shorts","Elden Ring, gameplay, tips, boss fights, secrets, lore, highlights, guide, walkthrough, FromSoftware, Souls",hd,TheEldenTips,20,28893,706,131,https://i.ytimg.com/vi/qKYDU1OzClE/hqdefault.jpg,Friday,03:00,9,True
XBfc6qn_dVM,Elden Ring Weapon Tierlist Ends Here (Bows) - Thanks for the support !,"The journey ends here. Every weapon in Elden Ring… ranked.  

Which weapon deserves the crown? Let me know your pick in the comments 👇

#tierlist #eldenring #TheEldenTips #FromSoftware  #shorts","Elden Ring, gameplay, tips, boss fights, secrets, lore, highlights, guide, walkthrough, FromSoftware, Souls",hd,TheEldenTips,20,8779,190,4,https://i.ytimg.com/vi/XBfc6qn_dVM/hqdefault.jpg,Thursday,19:00,32,True
CX9BxudpdpA,FromSoft’s Most Expensive Games 💸 (Estimates),"Ever wondered how much it cost to make Elden Ring or Bloodborne?
Here are the top 5 most expensive FromSoftware games, based on public data and industry estimates.
 
 #eldenring #TheEldenTips #FromSoftware  #shorts #FromSoftware #GamingFacts #DarkSouls #Sekiro #Bloodborne #GameBudgets #Soulslik","Elden Ring, gameplay, tips, boss fights, secrets, lore, highlights, guide, walkthrough, FromSoftware, Souls",hd,TheEldenTips,20,9327,223,16,https://i.ytimg.com/vi/CX9BxudpdpA/hqdefault.jpg,Thursday,14:15,26,True
V2tFI0L17Bc,This is what AURA looks like #aura,"Aura so dense, you feel it through the fog gate.
 
 

 #eldenring  #TheEldenTips #FromSoftware  #shorts","Elden Ring, gameplay, tips, boss fights, secrets, lore, highlights, guide, walkthrough, FromSoftware, Souls",hd,TheEldenTips,20,7590,208,15,https://i.ytimg.com/vi/V2tFI0L17Bc/hqdefault.jpg,Thursday,02:15,7,True
V1n0eYw2AaQ,Caelid type shi,"When you think you’re about to get epic loot... but Elden Ring says NOPE — the literal nightmare zone. 

Only true Tarnished understand 😤🔥

#eldenring   #TheEldenTips #FromSoftware  #shorts","Elden Ring, gameplay, tips, boss fights, secrets, lore, highlights, guide, walkthrough, FromSoftware, Souls",hd,TheEldenTips,20,5686,139,5,https://i.ytimg.com/vi/V1n0eYw2AaQ/hqdefault.jpg,Wednesday,22:00,7,True
0_BR7JCQEIY,You can only save one of them - Drop your pick in the comments !,"You can only save one of them. The others are lost forever.
Drop their name in the comments — no second chances.

🔥 #eldenring #darksouls #bloodborne #fromsoftware #whowouldyousave #soulsborne #gaming #foryou #TheEldenTips #FromSoftware  #shorts","Elden Ring, gameplay, tips, boss fights, secrets, lore, highlights, guide, walkthrough, FromSoftware, Souls",hd,TheEldenTips,20,92403,1219,273,https://i.ytimg.com/vi/0_BR7JCQEIY/hqdefault.jpg,Wednesday,14:00,8,True
kP4ydTC8QPg,Elden Ring Cities So Beautiful… You’ll Want to Stay Forever - Drop your favorite in the comments !,"Elden Ring is known for its brutal combat and haunting atmosphere… but beneath the chaos, beauty survives.

In this cinematic journey, we explore 7 of the most breathtaking cities and ruins in the Lands Between. From moonlit ruins to golden capitals, every location tells a story of fallen glory and forgotten grace.

🎥 No combat. No voice. Just pure Elden Ring beauty.

💬 Which city stole your heart? Drop your favorite in the comments and let us know if we missed any hidden gems.

🔔 Like what you see? Subscribe for more Elden Ring shorts and cinematic journeys every week.

#EldenRing #FromSoftware #Top7 #GamingCinematics #EldenRingLore#EldenRing #TheEldenTips #FromSoftware  #shorts","Elden Ring, gameplay, tips, boss fights, secrets, lore, highlights, guide, walkthrough, FromSoftware, Souls",hd,TheEldenTips,20,5076,139,10,https://i.ytimg.com/vi/kP4ydTC8QPg/hqdefault.jpg,Wednesday,02:15,21,True
45fc_cKgCnI,Only One Weapon for the Whole Game – Choose Wisely ⚔️ #eldenring,"You can only choose one weapon.

⚔️ Uchigatana – Classic starter
🐺 Bloodhound's Fang – Stylish & strong
🩸 Rivers of Blood – Bleed meta
💪 Greatsword – Guts mode

💬 Which one are you picking? Let me know below and defend your choice!
🔥 More polls & rankings coming soon – like & follow to join the battle.
#eldenring  #eldenring #TheEldenTips #FromSoftware  #shorts","Elden Ring, gameplay, tips, boss fights, secrets, lore, highlights, guide, walkthrough, FromSoftware, Souls",hd,TheEldenTips,20,39759,415,158,https://i.ytimg.com/vi/45fc_cKgCnI/hqdefault.jpg,Tuesday,19:45,8,True
IECvgT7sFg4,Ranking Soulsborne bosses - Part 4 (Elden Ring Shadow of the Erdtree) – Who Was the HARDEST? 🔥,"⚠️ Not every boss is included – just the ones that shaped my journey.
💬 Agree? Disagree? I want to hear your ranking in the comments.
🔥 Expect more: full rankings, lore breakdowns & boss difficulty tiers soon.

👇 Show some love if you want Part 5!

#shorts #eldenring #shadowoftheerdtree #soulslike #bossfight #fromsoftware #gaming","Elden Ring, gameplay, tips, boss fights, secrets, lore, highlights, guide, walkthrough, FromSoftware, Souls",hd,TheEldenTips,20,20847,713,47,https://i.ytimg.com/vi/IECvgT7sFg4/hqdefault.jpg,Tuesday,15:26,45,True
TO1oHNDjO9o,7 Final Bosses ⚔️ Only One Is Aura Himself 🔥 - Drop your pick,"From Demon's Souls to Elden Ring, these are the final bosses that shaped the Soulsborne legacy.

But only ONE of them radiates true final boss AURA.

👇 Drop your pick in the comments and let the war begin.

#eldenring #darksouls #bloodborne #sekiro #fromsoftware #soulsborne #gaming","Elden Ring, gameplay, tips, boss fights, secrets, lore, highlights, guide, walkthrough, FromSoftware, Souls",hd,TheEldenTips,20,818410,10697,1245,https://i.ytimg.com/vi/TO1oHNDjO9o/hqdefault.jpg,Tuesday,03:00,7,True
yw7a6OZ-aNg,Ranking Soulsborne Bosses – Part 3 Sekiro 🔥 | Like & Follow for More! #sekiro,"🗡 Which Sekiro boss defined your journey?
💬 Let me know which game should be next!

#Sekiro #SekiroBosses #ShadowsDieTwice #FromSoftware #Soulslike #Soulsborne #BossFights #SekiroMoments #BestBosses #SamuraiGame #GamingShorts #ActionRPG #SekiroRanking #SekiroCommunity #GamersUnite","Sekiro, Sekiro Shadows Die Twice, Sekiro bosses, best Sekiro bosses, Sekiro boss ranking, FromSoftware, Soulsborne, Soulslike, boss fights, Sekiro fights, Sekiro gameplay, top Sekiro moments, hardest Sekiro bosses, Sekiro top fights, Sekiro boss list, action RPG, samurai game, Sekiro vs Isshin",hd,TheEldenTips,20,5811,95,4,https://i.ytimg.com/vi/yw7a6OZ-aNg/hqdefault.jpg,Monday,19:01,50,True
451SeROGS4M,Like if u were a real one,"You remember the speed.
You remember the bleed.
You remember the Bloodhound's Fang.
Drop a 🗡️ if she carried you too.
#EldenRing #FromSoftware #GamingShorts #BloodhoundFang #EldenBuilds #Soulsborne","Elden Ring, gameplay, tips, boss fights, secrets, lore, highlights, guide, walkthrough, FromSoftware, Souls",hd,TheEldenTips,20,8450,195,16,https://i.ytimg.com/vi/451SeROGS4M/hqdefault.jpg,Monday,15:00,7,True
ZqZxAslzJt8,Ranking Soulsborne Bosses – Part 2 (Dark Souls III) 🔥 | Like & Follow for More! #darksouls3,"Welcome to Part 2 of my Soulsborne boss ranking series! This time, we’re diving into Dark Souls III to rank its main base-game bosses—not including DLCs just yet.

🗡️ Some bosses are beloved.
😡 Others… are nightmares.
🤷‍♂️ And some? Barely remembered.

⚠️ Note: This list do not includes all base-game bosses (DLC rankings are coming soon btw)

💬 Which DS3 boss did I rank too high or too low? Let me know in the comments!

🔔 Like, comment, and subscribe for more rankings, lore edits, and Soulsborne content every week.

#DarkSouls3 #Soulsborne #BossRanking #FromSoftware #DS3 #GamingShorts #TheEldenTips","gameplay, boss fights, secrets, lore, highlights, guide, walkthrough, FromSoftware, Souls, Darksouls iii, darksoul, soul of cinder, souls",hd,TheEldenTips,20,4546,85,5,https://i.ytimg.com/vi/ZqZxAslzJt8/hqdefault.jpg,Monday,03:15,54,True
ViRYWwWsQCY,I Asked AI to Fuse Bosses And It Went Crazy 💀 - Watch till the end - 1 k likes for part 2,"Your favourite bosses fused into a single one.

This fan-made fusions explores their combined design, abilities, and aesthetic in the style of FromSoftware.

👁️ Watch till the endt and let us know who should fuse next!

🔔 Like, follow, and comment for more Soulsborne edits, boss designs, and lore remixes.

#shorts  #eldenring #darksouls #bloodborne #sekiro #soulslike #fromsoftware #gamingart #bossfight #fanart #gaming","Elden Ring, gameplay, tips, boss fights, secrets, lore, highlights, guide, walkthrough, FromSoftware, Souls",hd,TheEldenTips,20,3051,76,5,https://i.ytimg.com/vi/ViRYWwWsQCY/hqdefault.jpg,Sunday,22:00,37,True
-UHgcwxokhg,Ranking Soulsborne bosses - Part 1 (Elden RIng) - Like & Follow for more  ❤️ #eldenring #soulslike,"Welcome to Part 1 of my boss ranking series! In this video, I’m ranking the main bosses of Elden Ring—note that this doesn’t include every single boss, only some of the principals encounters you’ll face in the story.

🎮 What’s covered here:

⚔️ Coming soon: Oher FromSoftware games (Dark Souls, Bloodborne, Sekiro, etc.) so be sure to subscribe!

💬 Your turn: Which main boss do you think should have ranked higher (or lower)? Drop your thoughts in the comments below!

🔔 Don’t forget to like, comment, and subscribe for more boss rankings, lore dives, and gaming content every week.

#EldenRing #BossRanking #FromSoftware #soulsborne #Part1 #GamingSeries","Elden Ring, gameplay, tips, boss fights, secrets, lore, highlights, guide, walkthrough, FromSoftware, Souls",hd,TheEldenTips,20,3948,66,15,https://i.ytimg.com/vi/-UHgcwxokhg/hqdefault.jpg,Sunday,02:00,57,True
OKzlJ0pirIk,Ranking Elden Ring Nightreign Classes – Part 8 ⚔️ - Like & Follow for more - #eldenring #nightreign,"Here’s Part 8 of our Elden Ring starting class ranking series !

Drop your main in the comments and don’t forget to check out the full series for more Soulsborne content! ✨

Thx for watching

#EldenRing #EldenRingBuilds #FromSoftware #Soulslike #GamingRanking","Elden Ring, gameplay, tips, boss fights, secrets, lore, highlights, guide, walkthrough, FromSoftware, Souls, nightreign, meme, rank",hd,TheEldenTips,20,6422,70,12,https://i.ytimg.com/vi/OKzlJ0pirIk/hqdefault.jpg,Saturday,19:45,39,True
4o-Ii1uR72Y,⚡ Elden Ring Nightreign Basic Tips - Like for more ❤️ -  #eldenring,"⚔️ ELDEN RING NIGHTREIGN STARTER Tips! ⚔️

✔️ Straight to the Point – No Fluff!

💬 COMMENT BELOW!
Which Guide should we cover next? 👇 Your requests fuel the channel!

🔔 SUBSCRIBE for More Elden Ring Guides:

#EldenRing #ShadowOfTheErdtree #Nightreign #BossGuide #FromSoftware #EldenRingDLC #SoulsLike #GamingTips #Speedrun #gamingshorts","Elden Ring, gameplay, tips, boss fights, secrets, lore, highlights, guide, walkthrough, FromSoftware, Souls",hd,TheEldenTips,20,2693,44,7,https://i.ytimg.com/vi/4o-Ii1uR72Y/hqdefault.jpg,Saturday,13:59,39,True
YtR27nfS2Zg,Top 5 HARDEST Soulsborne Bosses – Part 2 - Like for more ❤️ #eldenring,"Continuing our Second hardest Soulsborne series! 💀  

In Part 2, we break down the most challenging fights from Elden Ring, Dark Souls, and Bloodborne.  

Think we missed a boss that should be in Part 3? Drop your suggestions in the comments! 👇

#Soulsborne #EldenRing #DarkSouls #Bloodborne #HardestBosses #Gaming","Elden Ring, gameplay, tips, boss fights, secrets, lore, highlights, guide, walkthrough, FromSoftware, Souls",hd,TheEldenTips,20,5947,87,4,https://i.ytimg.com/vi/YtR27nfS2Zg/hqdefault.jpg,Friday,12:08,43,True
nUxLKWmW588,"~ If this game is overrated, I don’t want to be right  ~  [Elden Ring - 4K]  ~ Tribute","“Overrated game.” That’s what some say.
But Elden Ring isn’t just a game — it’s a reflection of life itself.

Inspired by this beautiful pieces:

📽️ ""It’s Just a Game"" by Jester → https://youtu.be/9cpTSlYRv48
📽️ ""A Tribute to Elden Ring"" by VaatiVidya → https://youtu.be/9Uaqn9zTqN8

Much respect to both creators for shaping how we see this masterpiece.

🔔 If you subscribe, it would help me a lot :

Shorts, guides, rankings, edits and more every week.
https://www.youtube.com/@TheEldenTips

#EldenRing #EldenRingLore #FromSoftware #Soulslike #DarkSouls #Miyazaki #Edit #Tribute #EldenRingEdit","Elden Ring, gameplay, boss fights, secrets, lore, highlights, walkthrough, FromSoftware, Souls, edit",hd,TheEldenTips,20,358,28,10,https://i.ytimg.com/vi/nUxLKWmW588/hqdefault.jpg,Wednesday,04:30,104,False
wb3NAWSYUPY,Ranking Elden Ring Starting Classes ⚔️ (Part 7) - Which one carried you? Let us know in the comments,"Here’s Part 7 of our Elden Ring starting class ranking! Whether you're team Samurai, Confessor, or Wretch, there's a class for every Tarnished. 👀

Drop your main in the comments and don’t forget to check out the full series for more Soulsborne content! 💀✨

#EldenRing #EldenRingBuilds #FromSoftware #Soulslike #GamingRanking","Elden Ring, gameplay, tips, boss fights, secrets, lore, highlights, guide, walkthrough, FromSoftware, Souls",hd,TheEldenTips,20,8319,164,8,https://i.ytimg.com/vi/wb3NAWSYUPY/hqdefault.jpg,Tuesday,12:07,40,True
tXuopKZe-l4,If Souls Bosses Were Pokémon ⚔️ (Part 1),"🧠 What if your favorite Souls bosses had their own Pokémon forms?
✨ From Malenia’s deadly elegance to Radahn’s cosmic rage — we reimagined them all as legendary Pokémon.
🎮 Souls + Pokémon = pure fanservice.
👾 Which one would you catch first?
👇 Comment your favorite boss!


#EldenRing #EldenRingShorts #EldenRingGameplay #EldenRingTips #EldenRingBossFights #FromSoftware #ActionRPG #GamingClips #GamingCommunity #shorts #pokemon","Elden Ring, gameplay, tips, boss fights, highlights, walkthrough, FromSoftware, Souls, pokemon, soulsborne, pokemonfusion, eldenring, darksouls, aiart, fanart, pokemondesign, radahn, malenia, viralshorts",hd,TheEldenTips,20,2228,62,10,https://i.ytimg.com/vi/tXuopKZe-l4/hqdefault.jpg,Monday,15:01,41,True
Hc0o-7oOBgs,Top 5 HARDEST Soulsborne Bosses – Part 1,"Think you’ve faced tough bosses? 🫣 Watch until the end 😨🔥

These are the Top 5 Hardest Soulsborne Bosses — ranked by difficulty, movesets, and sheer pain. From Malenia to Ornstein & Smough, only real Tarnished will relate.
This video breaks down their strengths and how to survive… barely. 💀

This works because the Souls series punishes every mistake — but mastering these fights? That’s gaming glory.
🎮 Comment which boss ruined your day (or made you proud).

🗡️ Bosses Ranked From:
Elden Ring, Dark Souls, Bloodborne, Sekiro, and more...

#Soulslike #FromSoftware #HardestBosses #EldenRing #DarkSouls #GamingShorts #BossFights #Soulsborne #Top5 #Malena #Malenia #Sekiro #GitGud #MiyazakiPain","Elden Ring, gameplay, tips, secrets, lore, guide, walkthrough, FromSoftware, Souls, boss",hd,TheEldenTips,20,8321,140,25,https://i.ytimg.com/vi/Hc0o-7oOBgs/hqdefault.jpg,Sunday,14:49,43,True
xrCHA19xclE,Best Souls Games Graded 🔥,"#shorts #soulslike #eldenring #darksouls #bloodborne #sekiro 
#fromsoftware #gaming #gamingcommunity #gamers #rpg 
#ps5 #xbox #topgames #tierlist #gamingcontent #shorts #tiktokgaming","Elden Ring, gameplay, tips, boss fights, secrets, lore, highlights, guide, walkthrough, FromSoftware, Souls, #soulslike, #eldenring, #darksouls, #bloodborne, #sekiro, #fromsoftware, #gaming, #gamingcommunity, #gamers, #rpg, #ps5, #xbox, #topgames, #tierlist, #gamingcontent, #shorts, #tiktokgaming",hd,TheEldenTips,20,6204,63,17,https://i.ytimg.com/vi/xrCHA19xclE/hqdefault.jpg,Saturday,19:37,57,True
jg2utQnTb-U,Ranking Elden Ring Weapons Part 6 | Greatswords (Not all) #memes,"Discover epic moments from Elden Ring in short, engaging clips. From thrilling boss fights and hidden secrets to expert tips and lore insights, our channel is dedicated to bringing you the best of Elden Ring. Perfect for fans of FromSoftware games and action RPGs. Join us for daily uploads and stay updated with the latest in the world of Elden Ring.

#EldenRing #EldenRingShorts #EldenRingGameplay #EldenRingTips #EldenRingBossFights #FromSoftware #ActionRPG #GamingClips #GamingCommunity #shorts","Elden Ring, gameplay, tips, boss fights, secrets, lore, highlights, guide, walkthrough, FromSoftware, Souls",hd,TheEldenTips,20,195373,4224,172,https://i.ytimg.com/vi/jg2utQnTb-U/hqdefault.jpg,Wednesday,11:19,38,True
3iX2L7_Gst8,We souls players have just one brain cell #memes,"Discover epic moments from Elden Ring in short, engaging clips. From thrilling boss fights and hidden secrets to expert tips and lore insights, our channel is dedicated to bringing you the best of Elden Ring. Perfect for fans of FromSoftware games and action RPGs. Join us for daily uploads and stay updated with the latest in the world of Elden Ring.

#EldenRing #EldenRingShorts #EldenRingGameplay #EldenRingTips #EldenRingBossFights #FromSoftware #ActionRPG #GamingClips #GamingCommunity #shorts",,hd,TheEldenTips,20,6852,0,6,https://i.ytimg.com/vi/3iX2L7_Gst8/hqdefault.jpg,Monday,00:52,12,True
yh9acUzkph8,Ranking Elden Ring Weapons Part 5 | Thrusting Swords,"Discover epic moments from Elden Ring in short, engaging clips. From thrilling boss fights and hidden secrets to expert tips and lore insights, our channel is dedicated to bringing you the best of Elden Ring. Perfect for fans of FromSoftware games and action RPGs. Join us for daily uploads and stay updated with the latest in the world of Elden Ring.

#EldenRing #EldenRingShorts #EldenRingGameplay #EldenRingTips #EldenRingBossFights #FromSoftware #ActionRPG #GamingClips #GamingCommunity #shorts","Elden Ring, gameplay, tips, boss fights, secrets, lore, highlights, guide, walkthrough, FromSoftware, Souls",hd,TheEldenTips,20,33530,560,26,https://i.ytimg.com/vi/yh9acUzkph8/hqdefault.jpg,Friday,11:32,28,True
ard9zxDD_Bo,Ranking Elden Ring Weapons Part 4 | Curved Swords  #memes,"Discover epic moments from Elden Ring in short, engaging clips. From thrilling boss fights and hidden secrets to expert tips and lore insights, our channel is dedicated to bringing you the best of Elden Ring. Perfect for fans of FromSoftware games and action RPGs. Join us for daily uploads and stay updated with the latest in the world of Elden Ring.

#EldenRing #EldenRingShorts #EldenRingGameplay #EldenRingTips #EldenRingBossFights #FromSoftware #ActionRPG #GamingClips #GamingCommunity #shorts","Elden Ring, gameplay, tips, boss fights, secrets, lore, highlights, guide, walkthrough, FromSoftware, Souls",hd,TheEldenTips,20,17136,501,19,https://i.ytimg.com/vi/ard9zxDD_Bo/hqdefault.jpg,Thursday,12:25,52,True
9NRc97QTLak,Ranking Elden Ring Weapons Part 3 | Twinblades,"Discover epic moments from Elden Ring in short, engaging clips. From thrilling boss fights and hidden secrets to expert tips and lore insights, our channel is dedicated to bringing you the best of Elden Ring. Perfect for fans of FromSoftware games and action RPGs. Join us for daily uploads and stay updated with the latest in the world of Elden Ring.

#EldenRing #EldenRingShorts #EldenRingGameplay #EldenRingTips #EldenRingBossFights #FromSoftware #ActionRPG #GamingClips #GamingCommunity #shorts","Elden Ring, gameplay, tips, boss fights, secrets, lore, highlights, guide, walkthrough, FromSoftware, Souls",hd,TheEldenTips,20,16877,436,10,https://i.ytimg.com/vi/9NRc97QTLak/hqdefault.jpg,Saturday,10:24,23,True
Fg_AHnqibKo,Ranking Elden Ring Weapons Part 2 | Katanas,"Discover epic moments from Elden Ring in short, engaging clips. From thrilling boss fights and hidden secrets to expert tips and lore insights, our channel is dedicated to bringing you the best of Elden Ring. Perfect for fans of FromSoftware games and action RPGs. Join us for daily uploads and stay updated with the latest in the world of Elden Ring.

#EldenRing #EldenRingShorts #EldenRingGameplay #EldenRingTips #EldenRingBossFights #FromSoftware #ActionRPG #GamingClips #GamingCommunity #shorts #katanas","Elden Ring, gameplay, tips, boss fights, secrets, lore, highlights, guide, walkthrough, FromSoftware, Souls",hd,TheEldenTips,20,225940,6847,156,https://i.ytimg.com/vi/Fg_AHnqibKo/hqdefault.jpg,Thursday,14:01,27,True
CwHULOTw7RY,Ranking Elden Ring Weapons Part 1 | Daggers,"Discover epic moments from Elden Ring in short, engaging clips. From thrilling boss fights and hidden secrets to expert tips and lore insights, our channel is dedicated to bringing you the best of Elden Ring. Perfect for fans of FromSoftware games and action RPGs. Join us for daily uploads and stay updated with the latest in the world of Elden Ring.

#EldenRing #EldenRingShorts #EldenRingGameplay #EldenRingTips #EldenRingBossFights #FromSoftware #ActionRPG #GamingClips #GamingCommunity #shorts","Elden Ring, gameplay, tips, boss fights, secrets, lore, highlights, guide, walkthrough, FromSoftware, Souls",hd,TheEldenTips,20,57813,1063,54,https://i.ytimg.com/vi/CwHULOTw7RY/hqdefault.jpg,Wednesday,15:33,18,True
